{
  "bowls": {
    "bowl_1": {
      "load_loc": [
        [
          -1.0,
          8.0
        ],
        [
          -1.5,
          8.0
        ],
        [
          -2.0,
          8.0
        ]
      ],
      "loc": [
        -1.699999,
        8.91851
      ]
    },
    "bowl_2": {
      "load_loc": [
        [
          -1.0,
          8.0
        ],
        [
          -1.5,
          8.0
        ],
        [
          -2.0,
          8.0
        ]
      ],
      "loc": [
        -1.699999,
        8.91851
      ]
    },
    "bowl_3": {
      "load_loc": [
        [
          -1.0,
          8.0
        ],
        [
          -1.5,
          8.0
        ],
        [
          -2.0,
          8.0
        ]
      ],
      "loc": [
        -1.699999,
        8.91851
      ]
    },
    "bowl_4": {
      "load_loc": [
        [
          -1.0,
          8.0
        ],
        [
          -1.5,
          8.0
        ],
        [
          -2.0,
          8.0
        ]
      ],
      "loc": [
        -1.699999,
        8.91851
      ]
    }
  },
  "tables": {
    "table_1": {
      "load_loc": [
        [
          -1.0,
          -2.0
        ],
        [
          -1.0,
          -2.5
        ]
      ],
      "loc": [
        -1.71378,
        -2.52844
      ]
    },
    "table_2": {
      "load_loc": [
        [
          2.0,
          -2.0
        ],
        [
          2.0,
          -2.5
        ]
      ],
      "loc": [
        2.5595,
        -2.43733
      ]
    },
    "table_4": {
      "load_loc": [
        [
          -1.0,
          2.0
        ],
        [
          -1.0,
          1.5
        ]
      ],
      "loc": [
        -1.76698,
        1.31386
      ]
    },
    "table_3": {
      "load_loc": [
        [
          2.0,
          2.0
        ],
        [
          2.0,
          1.5
        ]
      ],
      "loc": [
        2.57681,
        1.4622
      ]
    }
  },
  "trashcan": {
    "bin": {
      "load_loc": [
        [
          0.5,
          8.0
        ],
        [
          1,
          8.0
        ]
      ],
      "loc": [
        0.625896,
        8.87917
      ]
    }
  }
}
